[
  {
    "id": "1",
    "titulo": "Animals",
    "artista": "Pink Floyd",
    "precio": "3000",
    "cat": "Rock",
    "stock": "3",
    "img": "https://img.discogs.com/lobz3kQRE_tMyg8NKKebxN9UnXo=/fit-in/600x597/filters:strip_icc():format(jpeg):mode_rgb():quality(90)/discogs-images/R-9431705-1480968179-9837.jpeg.jpg",
    "tracksA": "A1 - Pigs on the Wing (Part One) //  A2 - Dogs  ",
    "ladoB": "B1 - Pig (Three Diferents Ones) // B2 - Sheep //  B3 - Pigs On The Wing 2"
  },
  {
    "id": "8",
    "titulo": "Discipline",
    "artista": "King Crimson",
    "precio": "4300",
    "cat": "Rock",
    "stock": "2",
    "img": "https://img.discogs.com/xuGcPLnQ2go8QCkGQAyhNC4VBv4=/fit-in/595x600/filters:strip_icc():format(webp):mode_rgb():quality(90)/discogs-images/R-2184450-1293293058.jpeg.jpg",
    "tracksA": "A1 - Elephant Talk      //       A2 - Frame by Frame   //    A3 - Matte Kudasai //   A4 - Indiscipline",
    "ladoB": " B1 - Thela Hun Ginjeet  // B2 - The Sheltering Sky //  B3 - Discipline"
  },
  {
    "id": "9",
    "titulo": "Invisible",
    "artista": "Invisible",
    "precio": "2800",
    "cat": "Nacional",
    "stock": "5",
    "img": "https://img.discogs.com/cZ2IzdZqJXRaOgMuIMS4A-FgTbs=/fit-in/600x600/filters:strip_icc():format(jpeg):mode_rgb():quality(90)/discogs-images/R-2075876-1478822147-9792.jpeg.jpg",
    "tracksA": "A1 - Jugo de lucuma      //       A2 - El diluvio y la pasajera   //    A3 - Suspension",
    "ladoB": " B1 - Tema de Elmo Lesto   // B2 - Azafata del tren fantasma //  B3 - Irregular"
  },
  {
    "id": "16",
    "titulo": "Clics Modernos",
    "artista": "Charly Garcia",
    "precio": "2200",
    "cat": "Nacional",
    "stock": "3",
    "img": "https://img.discogs.com/l074AqtYIf1Knh7YVThUes0_E-I=/fit-in/600x577/filters:strip_icc():format(jpeg):mode_rgb():quality(90)/discogs-images/R-2667157-1479599899-5430.jpeg.jpg",
    "tracksA": "A1 - Nos siguen pegando abajo (pecado mortal)      //       A2 - No soy un extraño   //    A3 - Dos cero uno (transas) //   A4 - Nuevos trapos",
    "ladoB": " B1 - Bancate ese defecto  // B2 - No me dejan salir //  B3 - Los dinosaurios  // B4 - Plateado sobre plateado // B5 - Ojos de video tape"
  },
  {
    "id": "18",
    "titulo": "Time Out",
    "artista": "The Dave Brubeck Quartet",
    "precio": "4150",
    "cat": "Jazz",
    "stock": "1",
    "img": "https://img.discogs.com/JQby0Qp957uGfjkoylibUjXbPi0=/fit-in/600x608/filters:strip_icc():format(jpeg):mode_rgb():quality(90)/discogs-images/R-12384502-1564844513-1106.jpeg.jpg",
    "tracksA": "A1 - Blue Rondo a la Turk      //       A2 - Strange Meadow Lark   //    A3 - Take Five",
    "ladoB": " B1 - Three to Get Ready  // B2 - Kathy's Waltz //  B3 - Everybody's Jumpin  // B4 - Pick Up Sticks"
  },
  {
    "id": "19",
    "titulo": "Little Girl Blue",
    "artista": "Nina Simone",
    "precio": "4550",
    "cat": "Jazz",
    "stock": "3",
    "img": "https://img.discogs.com/DwGKZI7BwlBXv1yaj8ndavCu4NU=/fit-in/600x613/filters:strip_icc():format(jpeg):mode_rgb():quality(90)/discogs-images/R-2097507-1585810663-4238.jpeg.jpg",
    "tracksA": "A1 - Mood Indigo      //       A2 - Don't Smoke in Bed   //    A3 - He Needs Me //   A4 -Little Girl Blue  //  A5 - Love Me or Leave Me",
    "ladoB": " B1 - My Baby Just Cares for Me  // B2 - Good Bait //  B3 - Plain Gold Ring  // B4 - You'll Never Walk Alone // B5 - I Loves You, Porgy  //  B6 - Central Park Blues"
  }
]
